first_name,last_name,email,gender,DOJ,DOL
Karlen,Tacker,ktacker0@ning.com,Female,5/8/2010,12/31/2014
Rafaellle,Recher,rrecher1@google.com.hk,Male,5/5/2015,
Evin,Rousell,erousell2@g.co,Male,11/30/2013,
Roslyn,Cassella,rcassella3@walmart.com,Female,5/21/2016,
Sky,Cashman,scashman4@homestead.com,Male,11/10/2015,
Leslie,M'Chirrie,lmchirrie5@pinterest.com,Male,6/19/2010,8/15/2013
Morley,Reith,mreith6@istockphoto.com,Male,9/25/2015,
Alexandr,Greader,agreader7@wikipedia.org,Male,6/12/2015,
Chiarra,Newgrosh,cnewgrosh8@google.com.au,Female,6/24/2012,4/27/2014
Layne,Dillet,ldillet9@flickr.com,Female,7/17/2014,
Loralee,Weems,lweemsa@craigslist.org,Female,3/11/2015,
Abigale,Hardwidge,ahardwidgeb@tinypic.com,Female,1/6/2018,
Aleksandr,Rosebotham,arosebothamc@i2i.jp,Male,8/24/2013,
Shea,Hoodspeth,shoodspethd@tmall.com,Female,6/14/2017,
Veradis,Breston,vbrestone@wikispaces.com,Female,8/14/2017,
Leeann,Burdus,lburdusf@acquirethisname.com,Female,10/2/2011,
Margette,Pellatt,mpellattg@chicagotribune.com,Female,6/14/2014,2/11/2017
Rivi,Hallward,rhallwardh@tripadvisor.com,Female,8/14/2015,
Christabella,Hanlin,chanlini@auda.org.au,Female,11/25/2012,
Nadiya,Bedingfield,nbedingfieldj@tamu.edu,Female,4/8/2011,10/1/2017
Emilie,Parke,eparkek@mail.ru,Female,8/2/2012,8/25/2013
Maurise,Dummigan,mdummiganl@who.int,Male,6/3/2014,
Farah,Harold,fharoldm@comsenz.com,Female,1/28/2012,4/24/2015
Prudi,Stevens,pstevensn@sina.com.cn,Female,1/19/2018,
Enos,Stainfield,estainfieldo@tiny.cc,Male,12/14/2013,
Blythe,Andrzejowski,bandrzejowskip@comcast.net,Female,2/3/2010,7/30/2016
Flossi,Ewer,fewerq@is.gd,Female,3/4/2016,
Dyna,Lorne,dlorner@miitbeian.gov.cn,Female,3/29/2016,
Vivyanne,Rowdell,vrowdells@ed.gov,Female,11/6/2013,
Kurt,Ridulfo,kridulfot@creativecommons.org,Male,3/29/2016,
Stesha,Pulfer,spulferu@earthlink.net,Female,1/26/2014,10/29/2016
Al,Ruffler,arufflerv@a8.net,Male,7/18/2011,5/1/2015
Ricki,Kleszinski,rkleszinskiw@prweb.com,Male,2/16/2010,11/2/2012
Marin,Elcox,melcoxx@skyrock.com,Female,11/12/2010,11/9/2014
Anestassia,Caskie,acaskiey@springer.com,Female,8/20/2016,
Madlin,De Rye Barrett,mderyebarrettz@exblog.jp,Female,10/14/2017,
Lettie,Girhard,lgirhard10@squidoo.com,Female,12/29/2011,
Hedwiga,Jelphs,hjelphs11@newyorker.com,Female,6/10/2016,1/9/2018
Shell,Clink,sclink12@123-reg.co.uk,Male,11/15/2013,
Henri,Jimmes,hjimmes13@sitemeter.com,Male,12/18/2014,
Edyth,Marshal,emarshal14@businessinsider.com,Female,9/1/2013,4/1/2015
Toby,Haizelden,thaizelden15@europa.eu,Male,11/8/2013,6/17/2015
Nert,Howley,nhowley16@chron.com,Female,5/28/2012,
Mose,Jiggle,mjiggle17@over-blog.com,Male,3/31/2012,8/20/2014
Arni,Downs,adowns18@accuweather.com,Male,12/13/2014,3/23/2016
Idalia,Neate,ineate19@hubpages.com,Female,5/21/2010,7/23/2011
Nonna,O'Leagham,noleagham1a@wordpress.org,Female,11/25/2016,6/1/2017
Lian,Syncke,lsyncke1b@msu.edu,Female,10/15/2016,
Mia,Pennuzzi,mpennuzzi1c@vistaprint.com,Female,12/15/2011,
Lovell,Paolucci,lpaolucci1d@sina.com.cn,Male,2/29/2016,
Kaylee,Filippozzi,kfilippozzi1e@shinystat.com,Female,1/26/2017,
Thorpe,Olenchikov,tolenchikov1f@simplemachines.org,Male,10/21/2012,
Ruby,Salasar,rsalasar1g@irs.gov,Male,12/15/2011,3/29/2014
Ninon,Hastie,nhastie1h@umn.edu,Female,9/11/2017,
Wilmar,Ganter,wganter1i@usda.gov,Male,9/26/2012,
Susana,Escalante,sescalante1j@boston.com,Female,8/28/2011,10/15/2016
Neel,Tee,ntee1k@soup.io,Male,4/19/2011,11/3/2011
Lissy,Finders,lfinders1l@dailymail.co.uk,Female,1/24/2012,5/26/2012
Barris,Dawidowsky,bdawidowsky1m@fema.gov,Male,4/15/2017,
Doralynne,Fazakerley,dfazakerley1n@cmu.edu,Female,11/12/2012,3/4/2017
Kent,Ritelli,kritelli1o@shop-pro.jp,Male,1/18/2010,11/15/2016
Alysa,Scrinage,ascrinage1p@bloglines.com,Female,2/14/2011,4/29/2011
Lorettalorna,Van der Mark,lvandermark1q@samsung.com,Female,12/13/2011,9/22/2012
Addy,Gladwin,agladwin1r@com.com,Female,8/23/2011,
Sigismondo,Passman,spassman1s@hostgator.com,Male,7/22/2011,6/15/2012
Phillipp,Champniss,pchampniss1t@phpbb.com,Male,5/29/2015,
Cacilia,De Anesy,cdeanesy1u@sciencedirect.com,Female,5/28/2011,
Derick,Dumberell,ddumberell1v@cisco.com,Male,3/7/2015,
Trev,Kay,tkay1w@unesco.org,Male,5/7/2012,8/24/2016
Lorette,Clem,lclem1x@youtu.be,Female,8/5/2012,11/5/2012
Valencia,Gocke,vgocke1y@sitemeter.com,Female,6/6/2015,8/12/2017
Sal,Middle,smiddle1z@dell.com,Male,11/11/2014,
Shannon,Haldenby,shaldenby20@free.fr,Male,4/22/2011,5/4/2016
Paolo,Errett,perrett21@ucoz.com,Male,12/14/2012,
Goraud,Sweeney,gsweeney22@mac.com,Male,5/22/2016,
Langsdon,Tyrer,ltyrer23@fema.gov,Male,3/1/2016,
Dale,Cuseick,dcuseick24@behance.net,Male,7/28/2013,
Iosep,Vause,ivause25@addthis.com,Male,10/30/2013,9/12/2015
Reinaldos,Whitney,rwhitney26@berkeley.edu,Male,4/6/2010,8/6/2015
Shermie,Woolhouse,swoolhouse27@ibm.com,Male,6/30/2015,7/10/2015
Kerstin,Ren,kren28@biglobe.ne.jp,Female,8/19/2013,2/22/2017
Chariot,Markson,cmarkson29@163.com,Male,11/12/2012,
Rebekkah,Blowfelde,rblowfelde2a@patch.com,Female,12/18/2016,5/3/2017
Mortie,Morilla,mmorilla2b@aboutads.info,Male,11/15/2010,11/12/2013
Claudina,Motion,cmotion2c@dmoz.org,Female,5/4/2011,1/29/2014
Neron,Depport,ndepport2d@51.la,Male,10/28/2010,4/20/2012
Elianora,Bonnefin,ebonnefin2e@bigcartel.com,Female,7/23/2010,7/21/2015
Bay,Worman,bworman2f@live.com,Male,12/29/2013,12/28/2014
Bennett,Trebble,btrebble2g@over-blog.com,Male,7/17/2015,
Kellen,Torvey,ktorvey2h@360.cn,Male,5/3/2012,10/9/2015
Carlie,Febre,cfebre2i@telegraph.co.uk,Male,8/14/2010,12/29/2016
Jarred,Popplewell,jpopplewell2j@sakura.ne.jp,Male,12/13/2016,
Austin,Uttley,auttley2k@slashdot.org,Male,12/21/2010,3/13/2014
Renato,Benford,rbenford2l@mashable.com,Male,3/24/2012,
Harrison,Monnoyer,hmonnoyer2m@squidoo.com,Male,6/25/2013,4/10/2017
Bax,Hatter,bhatter2n@weather.com,Male,12/24/2017,
Errol,Apfel,eapfel2o@tinypic.com,Male,1/13/2010,1/5/2013
Milt,Troy,mtroy2p@cbslocal.com,Male,9/12/2016,
Marlow,Gilmore,mgilmore2q@comsenz.com,Male,3/8/2015,10/20/2015
Reynolds,Grishankov,rgrishankov2r@google.it,Male,1/7/2017,
Helga,Hiskey,hhiskey2s@behance.net,Female,9/4/2017,
Coletta,Mackelworth,cmackelworth2t@comsenz.com,Female,4/26/2016,
Irwinn,Upcraft,iupcraft2u@auda.org.au,Male,2/24/2013,7/28/2016
Frederic,Berford,fberford2v@virginia.edu,Male,3/20/2012,3/3/2017
Marybeth,Nertney,mnertney2w@slideshare.net,Female,4/11/2011,5/7/2011
Elvin,Elies,eelies2x@studiopress.com,Male,8/17/2014,
Linus,Bannell,lbannell2y@dailymotion.com,Male,3/31/2013,11/22/2014
Sidoney,Cutridge,scutridge2z@alexa.com,Female,12/12/2011,3/7/2013
Isador,Mawd,imawd30@gravatar.com,Male,6/18/2012,
Guillaume,Reidie,greidie31@wp.com,Male,5/3/2017,
Ferris,Marchbank,fmarchbank32@rakuten.co.jp,Male,2/12/2014,
Rob,Stoving,rstoving33@freewebs.com,Male,12/30/2010,2/14/2011
Skye,Paskerful,spaskerful34@about.com,Male,11/12/2015,
Tallie,Loder,tloder35@ifeng.com,Female,7/30/2016,
Vikki,Densell,vdensell36@miibeian.gov.cn,Female,4/21/2015,
Dimitri,Swalteridge,dswalteridge37@slate.com,Male,4/5/2016,
Gearalt,Hurling,ghurling38@sphinn.com,Male,11/11/2017,1/12/2018
Thaxter,Birrel,tbirrel39@slideshare.net,Male,12/4/2011,6/28/2013
Jan,Hynd,jhynd3a@un.org,Female,3/7/2016,
Keane,Nani,knani3b@newsvine.com,Male,12/15/2012,5/11/2013
Chrysa,Clemendet,cclemendet3c@fema.gov,Female,11/8/2016,
Nerty,Vasechkin,nvasechkin3d@marketwatch.com,Female,12/15/2015,12/19/2016
Cort,Izachik,cizachik3e@archive.org,Male,10/1/2010,1/21/2014
Nicolas,Langsdon,nlangsdon3f@ibm.com,Male,9/2/2013,
Bondie,Alderson,balderson3g@wikia.com,Male,6/11/2011,1/3/2017
Ware,Dod,wdod3h@sciencedaily.com,Male,12/10/2015,
Dell,de la Valette Parisot,ddelavaletteparisot3i@angelfire.com,Female,9/9/2010,3/10/2013
Fancie,Gypps,fgypps3j@themeforest.net,Female,5/13/2011,10/20/2013
Codi,Clink,cclink3k@netlog.com,Male,10/22/2013,4/19/2015
Wiley,Houselee,whouselee3l@telegraph.co.uk,Male,8/31/2016,11/15/2016
Chilton,Maides,cmaides3m@ihg.com,Male,1/15/2015,
Marlene,Faccini,mfaccini3n@harvard.edu,Female,3/13/2010,4/5/2016
Vonny,Hearnah,vhearnah3o@canalblog.com,Female,5/21/2013,1/25/2017
Winni,Padilla,wpadilla3p@businessinsider.com,Female,11/2/2016,
Ainslie,Friese,afriese3q@hibu.com,Female,12/28/2013,6/3/2017
Honey,Knights,hknights3r@360.cn,Female,12/7/2012,5/4/2017
Angelita,Blackie,ablackie3s@homestead.com,Female,8/11/2010,10/8/2011
Lorene,Leguey,lleguey3t@cnn.com,Female,2/7/2012,12/21/2012
Sydney,Handscomb,shandscomb3u@goo.ne.jp,Male,5/2/2012,
Orelee,Gerrels,ogerrels3v@vkontakte.ru,Female,11/8/2014,1/16/2016
Daphene,Seymark,dseymark3w@pen.io,Female,1/12/2018,
Luca,McKerron,lmckerron3x@npr.org,Male,1/1/2017,
Vina,Bolte,vbolte3y@netscape.com,Female,10/4/2017,
Alistair,Faircliff,afaircliff3z@whitehouse.gov,Male,1/18/2014,2/6/2017
Carmelina,Dalgardno,cdalgardno40@comsenz.com,Female,11/13/2017,
Byron,Maycey,bmaycey41@cdbaby.com,Male,9/9/2015,
Vita,Bourke,vbourke42@1688.com,Female,10/18/2013,1/16/2016
Zea,Lemar,zlemar43@g.co,Female,3/25/2010,4/12/2011
Noah,Graser,ngraser44@apple.com,Male,3/28/2017,
Kenn,Di Antonio,kdiantonio45@desdev.cn,Male,8/17/2017,
Atalanta,Kingerby,akingerby46@wordpress.com,Female,10/1/2010,8/20/2016
Lefty,Ellissen,lellissen47@shutterfly.com,Male,9/17/2010,8/31/2015
Annalee,Oram,aoram48@psu.edu,Female,8/6/2010,6/4/2012
Roddy,Kohtler,rkohtler49@about.com,Male,3/8/2010,6/21/2017
Raffarty,Ilyushkin,rilyushkin4a@reverbnation.com,Male,10/24/2014,
Katrina,Mathwen,kmathwen4b@marriott.com,Female,1/16/2016,
Norry,Mitskevich,nmitskevich4c@mit.edu,Male,12/17/2017,
Yanaton,Eleshenar,yeleshenar4d@theguardian.com,Male,5/22/2010,6/1/2011
Rozele,Pauleit,rpauleit4e@elegantthemes.com,Female,7/5/2011,11/17/2015
Drake,Antushev,dantushev4f@unicef.org,Male,1/5/2016,
Joey,Chaise,jchaise4g@noaa.gov,Male,9/2/2017,10/7/2017
Prisca,Meffen,pmeffen4h@ezinearticles.com,Female,12/30/2015,7/16/2016
Fredrika,Pawlowicz,fpawlowicz4i@exblog.jp,Female,4/30/2014,
Bradley,Milne,bmilne4j@bing.com,Male,7/28/2014,
Lona,Emmanuele,lemmanuele4k@google.com.br,Female,11/23/2013,12/6/2016
Rafa,Fulkes,rfulkes4l@amazon.de,Female,2/5/2017,1/23/2018
Cristiano,Malloy,cmalloy4m@cpanel.net,Male,6/27/2014,
Darrin,Haglinton,dhaglinton4n@naver.com,Male,7/27/2017,
Tammara,Fabbro,tfabbro4o@miibeian.gov.cn,Female,6/17/2011,5/18/2016
Giles,Birch,gbirch4p@oakley.com,Male,4/3/2012,7/21/2015
Darbie,Fidal,dfidal4q@icq.com,Female,1/1/2011,7/15/2011
Ina,Brownsall,ibrownsall4r@biglobe.ne.jp,Female,1/23/2012,12/21/2012
Gwennie,Rylatt,grylatt4s@comcast.net,Female,3/25/2011,9/13/2012
Haroun,O'Rafferty,horafferty4t@dell.com,Male,9/21/2015,
Kippie,Ockenden,kockenden4u@salon.com,Female,7/31/2011,2/21/2016
Riane,Pountney,rpountney4v@uiuc.edu,Female,10/9/2015,
Robbie,McQuin,rmcquin4w@goo.gl,Female,10/28/2013,
Laurence,Faint,lfaint4x@telegraph.co.uk,Male,12/9/2017,
Luelle,Ughelli,lughelli4y@wikispaces.com,Female,3/19/2012,2/4/2014
Matelda,Yendall,myendall4z@google.ca,Female,3/18/2016,
Susana,Gladbeck,sgladbeck50@myspace.com,Female,11/4/2014,
Georgie,Willatt,gwillatt51@theguardian.com,Male,8/16/2010,4/17/2015
Gavin,Laurance,glaurance52@pcworld.com,Male,8/19/2010,8/17/2012
Nata,Kinnard,nkinnard53@bloglovin.com,Female,4/14/2016,
Shanna,Mather,smather54@wsj.com,Female,6/24/2016,12/23/2017
Jonell,Mccaull,jmccaull55@japanpost.jp,Female,11/30/2013,
Valentin,Neno,vneno56@i2i.jp,Male,3/6/2010,1/23/2016
Isaac,Mudd,imudd57@vistaprint.com,Male,1/17/2013,1/10/2015
Rici,Eves,reves58@list-manage.com,Female,6/24/2011,
Coraline,Beardmore,cbeardmore59@artisteer.com,Female,3/11/2017,
Noe,Uccello,nuccello5a@weather.com,Male,4/1/2014,
Gretel,Shawell,gshawell5b@home.pl,Female,11/11/2013,4/27/2015
Hymie,Izakoff,hizakoff5c@example.com,Male,10/23/2016,
Jill,Mc Grath,jmcgrath5d@tinypic.com,Female,3/5/2014,9/30/2015
Lew,Denkin,ldenkin5e@engadget.com,Male,7/5/2010,6/14/2017
Emyle,Corgenvin,ecorgenvin5f@people.com.cn,Female,12/21/2013,
Frederic,Tallboy,ftallboy5g@cafepress.com,Male,3/8/2016,
Aryn,Aristide,aaristide5h@reddit.com,Female,5/8/2010,11/9/2017
Patience,Burchnall,pburchnall5i@g.co,Female,8/30/2015,
Heriberto,Ketchen,hketchen5j@flickr.com,Male,8/22/2012,6/4/2014
Isacco,Stapforth,istapforth5k@vimeo.com,Male,6/25/2011,6/11/2017
Cris,Sponer,csponer5l@elpais.com,Female,4/16/2015,5/7/2017
Tallie,Honisch,thonisch5m@theglobeandmail.com,Female,7/15/2010,2/10/2015
Ddene,Carder,dcarder5n@jigsy.com,Female,2/13/2012,3/25/2016
Rockie,Cartlidge,rcartlidge5o@chron.com,Male,6/9/2016,12/2/2017
Gardy,Charge,gcharge5p@whitehouse.gov,Male,8/12/2016,
Rog,Risborough,rrisborough5q@51.la,Male,9/12/2013,7/26/2015
Allsun,Draysay,adraysay5r@tmall.com,Female,6/26/2012,3/11/2013
Monty,Tighe,mtighe5s@hibu.com,Male,11/24/2011,5/29/2017
Carly,McPhaden,cmcphaden5t@sohu.com,Female,7/21/2011,2/4/2016
Raffarty,Jenkerson,rjenkerson5u@51.la,Male,1/10/2013,
Romy,Harley,rharley5v@sohu.com,Female,7/16/2017,
Vladimir,Crumly,vcrumly5w@lulu.com,Male,9/26/2011,10/4/2015
Lindsey,Izakof,lizakof5x@sun.com,Male,1/7/2018,
Torrey,Nardi,tnardi5y@hc360.com,Male,3/1/2013,10/5/2015
Shirl,Nodin,snodin5z@scientificamerican.com,Female,10/15/2015,
Uta,Martygin,umartygin60@wikipedia.org,Female,1/4/2010,8/23/2013
Elsbeth,Seemmonds,eseemmonds61@java.com,Female,6/16/2015,
Trent,Ashwell,tashwell62@reference.com,Male,2/10/2012,
Alys,Elmar,aelmar63@phoca.cz,Female,5/7/2011,5/7/2017
Bobbye,McDyer,bmcdyer64@globo.com,Female,1/2/2018,
Julietta,Birchill,jbirchill65@economist.com,Female,3/18/2014,10/8/2014
Pascal,Ballard,pballard66@icq.com,Male,6/20/2016,
Janette,Oxby,joxby67@tinyurl.com,Female,2/8/2010,8/1/2016
Lilla,Ortas,lortas68@4shared.com,Female,4/26/2013,7/20/2014
Jermaine,Janko,jjanko69@geocities.jp,Male,1/11/2013,8/28/2015
Perceval,Bain,pbain6a@sbwire.com,Male,11/5/2013,
Arlina,Anstey,aanstey6b@diigo.com,Female,12/29/2015,
Tana,Tschursch,ttschursch6c@marriott.com,Female,6/3/2011,1/29/2012
Sheela,Alans,salans6d@wunderground.com,Female,2/4/2011,5/15/2014
Alasdair,Devers,adevers6e@csmonitor.com,Male,3/17/2012,9/10/2016
Maxie,Cowope,mcowope6f@fc2.com,Male,5/3/2012,9/1/2013
Ernst,Cowcha,ecowcha6g@nationalgeographic.com,Male,5/15/2015,5/21/2017
Ernestine,Coult,ecoult6h@behance.net,Female,12/6/2016,1/25/2018
Jens,Alecock,jalecock6i@mtv.com,Male,4/30/2010,4/3/2017
Trip,Kauschke,tkauschke6j@ustream.tv,Male,1/28/2011,7/16/2012
Elfrieda,Worsley,eworsley6k@fda.gov,Female,5/15/2014,8/8/2015
Elaine,Shucksmith,eshucksmith6l@jigsy.com,Female,1/17/2013,4/25/2017
Patsy,Bowerbank,pbowerbank6m@printfriendly.com,Female,8/22/2017,
Freddie,Robottham,frobottham6n@a8.net,Female,5/12/2017,
Far,Fallanche,ffallanche6o@flickr.com,Male,12/2/2013,
Larina,Bage,lbage6p@jiathis.com,Female,8/26/2014,
Miranda,Millyard,mmillyard6q@t.co,Female,4/5/2016,
Henri,Flement,hflement6r@usda.gov,Male,11/7/2014,
Mikael,Bugdell,mbugdell6s@tripadvisor.com,Male,6/18/2016,
Randee,Mc Comb,rmccomb6t@icq.com,Female,1/27/2010,1/1/2012
Hamilton,Eberz,heberz6u@liveinternet.ru,Male,3/7/2014,
Pernell,Tulleth,ptulleth6v@ibm.com,Male,2/20/2016,
Hubert,Jacobsz,hjacobsz6w@slate.com,Male,6/9/2013,12/27/2015
Hildagarde,Howsam,hhowsam6x@stanford.edu,Female,5/5/2013,
Karie,Johnsee,kjohnsee6y@simplemachines.org,Female,10/28/2011,5/27/2016
Juan,Bole,jbole6z@unblog.fr,Male,9/22/2011,1/12/2016
Aviva,Aynscombe,aaynscombe70@icq.com,Female,5/18/2015,
Kirk,Wardle,kwardle71@mit.edu,Male,12/16/2017,
Tyrus,Antonnikov,tantonnikov72@timesonline.co.uk,Male,1/26/2013,7/18/2015
Bari,Cregeen,bcregeen73@europa.eu,Female,7/15/2014,11/7/2014
Lee,Meier,lmeier74@wix.com,Female,6/26/2013,8/26/2014
Will,Rickis,wrickis75@ezinearticles.com,Male,9/14/2014,7/18/2015
Ambrosio,Vase,avase76@adobe.com,Male,3/26/2015,
Errick,Tilford,etilford77@twitter.com,Male,3/14/2011,
Hermy,Georgeou,hgeorgeou78@yelp.com,Male,7/14/2011,3/24/2017
Jonis,Loader,jloader79@4shared.com,Female,11/11/2017,
Natale,McPhillips,nmcphillips7a@plala.or.jp,Male,7/7/2016,1/29/2018
Demetris,Leverage,dleverage7b@flavors.me,Female,7/21/2014,
Guthrey,Hysom,ghysom7c@adobe.com,Male,12/2/2011,6/10/2015
Eleonora,Pudden,epudden7d@tripod.com,Female,4/28/2017,
Norry,Blaxley,nblaxley7e@accuweather.com,Male,10/10/2010,5/18/2014
Torrence,Maso,tmaso7f@mashable.com,Male,1/21/2015,7/7/2016
Laurens,Sugge,lsugge7g@bigcartel.com,Male,6/30/2015,11/13/2017
Issi,Loffel,iloffel7h@businessinsider.com,Female,6/5/2013,12/7/2016
Fredia,Trevain,ftrevain7i@clickbank.net,Female,6/16/2012,
Reece,Skoyles,rskoyles7j@blogtalkradio.com,Male,1/1/2017,
Evonne,Grigorescu,egrigorescu7k@wikispaces.com,Female,8/28/2017,
Arline,Dedham,adedham7l@zimbio.com,Female,5/8/2010,5/29/2011
Jud,Staite,jstaite7m@nytimes.com,Male,9/30/2013,3/5/2017
Krystal,Voce,kvoce7n@washington.edu,Female,5/23/2010,9/12/2014
Dodie,Cratchley,dcratchley7o@slideshare.net,Female,11/27/2014,
Judie,Epps,jepps7p@oaic.gov.au,Female,2/21/2017,
Berte,Consadine,bconsadine7q@elegantthemes.com,Female,6/15/2014,
Baxter,Doyley,bdoyley7r@scribd.com,Male,1/22/2017,
Philomena,Murdie,pmurdie7s@de.vu,Female,11/6/2013,5/22/2017
Valentina,Wedmore,vwedmore7t@zimbio.com,Female,5/6/2012,6/24/2017
Dido,Crumbleholme,dcrumbleholme7u@xinhuanet.com,Female,12/20/2011,
Kingsly,Manske,kmanske7v@accuweather.com,Male,3/24/2016,
Mauricio,Elvey,melvey7w@skyrock.com,Male,11/18/2010,6/24/2017
Alex,Shimuk,ashimuk7x@intel.com,Female,6/27/2011,1/9/2013
Rickey,Archbold,rarchbold7y@nifty.com,Male,3/25/2013,2/8/2015
Laurel,Themann,lthemann7z@cbc.ca,Female,7/26/2012,11/28/2015
Zaccaria,De Cruze,zdecruze80@auda.org.au,Male,6/23/2016,
Valle,Cawker,vcawker81@phoca.cz,Male,1/2/2010,7/19/2016
Morgen,Stratton,mstratton82@printfriendly.com,Male,11/27/2015,5/18/2016
Tarra,O'Monahan,tomonahan83@npr.org,Female,1/7/2017,
Vergil,Moxsom,vmoxsom84@sakura.ne.jp,Male,5/25/2014,
Halie,Blackett,hblackett85@google.com.hk,Female,5/11/2016,
Cesare,Dollen,cdollen86@digg.com,Male,10/14/2014,6/28/2016
Aleen,Metzig,ametzig87@theatlantic.com,Female,2/27/2014,7/6/2014
Biddy,Phibb,bphibb88@webnode.com,Female,2/11/2012,
Lowell,Worden,lworden89@huffingtonpost.com,Male,6/26/2017,
Vonnie,Ivanets,vivanets8a@yandex.ru,Female,6/23/2013,1/27/2015
Loralyn,Restieaux,lrestieaux8b@ox.ac.uk,Female,12/20/2010,10/13/2012
Nonnah,Simmill,nsimmill8c@xrea.com,Female,6/5/2014,
Bobbie,Atcherley,batcherley8d@scientificamerican.com,Male,5/31/2016,
Cassie,Eldrett,celdrett8e@xinhuanet.com,Male,6/1/2010,11/27/2017
Tedi,Agge,tagge8f@hostgator.com,Female,9/4/2016,
Meier,Forseith,mforseith8g@redcross.org,Male,12/9/2016,11/17/2017
Retha,Comben,rcomben8h@blog.com,Female,1/21/2013,
Joceline,Aberkirdo,jaberkirdo8i@multiply.com,Female,6/2/2010,12/23/2014
Liesa,Murphy,lmurphy8j@dell.com,Female,12/19/2011,2/13/2015
Vince,Baszkiewicz,vbaszkiewicz8k@eventbrite.com,Male,8/10/2011,4/23/2013
Frederic,Wethers,fwethers8l@altervista.org,Male,9/26/2011,9/8/2015
Jillane,Chmiel,jchmiel8m@omniture.com,Female,4/3/2012,6/4/2015
Galvan,Mor,gmor8n@prlog.org,Male,5/18/2010,2/3/2015
Carmina,Glasscoo,cglasscoo8o@forbes.com,Female,1/13/2011,1/13/2015
Quinta,Claesens,qclaesens8p@fastcompany.com,Female,10/18/2017,11/16/2017
Dorice,Smithe,dsmithe8q@xrea.com,Female,6/9/2017,
Zabrina,Ferrieres,zferrieres8r@dmoz.org,Female,1/17/2018,
Adolf,Roser,aroser8s@printfriendly.com,Male,2/7/2010,6/27/2013
Franny,Kilborn,fkilborn8t@exblog.jp,Female,1/6/2014,11/3/2016
Weston,Crumby,wcrumby8u@instagram.com,Male,7/3/2010,7/18/2011
Artie,Dionsetti,adionsetti8v@discovery.com,Male,2/3/2012,1/11/2016
Averil,Drinkall,adrinkall8w@ed.gov,Male,1/7/2017,
Margaretha,Casson,mcasson8x@shinystat.com,Female,8/9/2012,10/8/2014
Adela,Beckett,abeckett8y@nba.com,Female,6/19/2011,1/22/2014
Aveline,Tender,atender8z@mac.com,Female,4/24/2015,12/27/2016
Nobie,Bennett,nbennett90@illinois.edu,Male,3/14/2010,6/5/2014
Maribel,MacTimpany,mmactimpany91@ning.com,Female,3/28/2010,9/21/2010
Sly,Scotson,sscotson92@edublogs.org,Male,10/21/2015,
Hillery,MacPeice,hmacpeice93@virginia.edu,Male,7/10/2012,9/9/2014
Vivianne,Pragnall,vpragnall94@networksolutions.com,Female,8/5/2011,4/24/2016
Shem,Crowcombe,scrowcombe95@cnn.com,Male,11/23/2011,6/18/2012
Emmye,Harkness,eharkness96@sogou.com,Female,1/17/2014,
Magdalen,Flahive,mflahive97@cafepress.com,Female,6/7/2015,
Gillie,Franceschi,gfranceschi98@umn.edu,Female,11/2/2015,
Tadeas,Brager,tbrager99@sakura.ne.jp,Male,12/6/2013,
Ailyn,Breward,abreward9a@etsy.com,Female,12/26/2012,
Valentia,Norgate,vnorgate9b@rediff.com,Female,8/22/2010,6/5/2017
Max,Supple,msupple9c@macromedia.com,Female,1/7/2014,1/14/2018
Jordana,Volkes,jvolkes9d@timesonline.co.uk,Female,11/11/2012,10/20/2015
Yank,Capps,ycapps9e@jimdo.com,Male,3/15/2015,
Franchot,Pauley,fpauley9f@ca.gov,Male,10/21/2017,
Catlee,Zemler,czemler9g@weibo.com,Female,5/31/2011,7/15/2011
Slade,Gilcrist,sgilcrist9h@live.com,Male,1/17/2010,11/28/2016
Hunfredo,Pulman,hpulman9i@usatoday.com,Male,11/14/2014,9/30/2016
Gunther,McAndrew,gmcandrew9j@google.es,Male,9/13/2013,9/23/2014
Abie,Grouse,agrouse9k@pinterest.com,Male,1/23/2014,9/10/2015
Sarine,Roxbrough,sroxbrough9l@blinklist.com,Female,12/31/2015,
Manya,Bowling,mbowling9m@exblog.jp,Female,3/22/2017,
Winfred,Mityukov,wmityukov9n@is.gd,Male,7/21/2017,
Burk,Easby,beasby9o@printfriendly.com,Male,12/20/2011,9/12/2013
Deerdre,Ritchard,dritchard9p@addthis.com,Female,9/11/2016,
Lou,O'Brogane,lobrogane9q@mit.edu,Male,1/26/2016,
Stephine,Menaul,smenaul9r@stumbleupon.com,Female,6/13/2013,
Maryjane,Von Hindenburg,mvonhindenburg9s@accuweather.com,Female,10/20/2011,
Chelsae,Marsham,cmarsham9t@shinystat.com,Female,8/24/2012,2/18/2017
Alma,Blakden,ablakden9u@wikispaces.com,Female,5/2/2011,6/8/2017
Lurline,Corteis,lcorteis9v@seattletimes.com,Female,3/9/2016,
Swen,Habbin,shabbin9w@pen.io,Male,11/30/2012,7/5/2014
Cayla,Bosward,cbosward9x@pcworld.com,Female,6/19/2013,
Cristie,Vassall,cvassall9y@t-online.de,Female,3/29/2011,11/23/2016
Estrella,Postle,epostle9z@bizjournals.com,Female,6/21/2017,
Lesley,Scates,lscatesa0@abc.net.au,Male,3/26/2013,
Darill,Kliemann,dkliemanna1@com.com,Male,5/24/2013,
Wylie,Guilloton,wguillotona2@fda.gov,Male,10/25/2015,
Cordy,Sneesbie,csneesbiea3@exblog.jp,Female,12/10/2015,
Tabbitha,Rippingale,trippingalea4@bluehost.com,Female,7/21/2011,
Corbett,Ingleby,cinglebya5@shinystat.com,Male,1/2/2013,4/20/2015
Zach,Mangion,zmangiona6@cnn.com,Male,5/9/2012,10/17/2015
Reilly,Cuthbert,rcuthberta7@psu.edu,Male,12/25/2012,
Glenna,Krinks,gkrinksa8@webnode.com,Female,4/19/2013,
Meridith,Wilder,mwildera9@alibaba.com,Female,1/13/2013,10/23/2014
Kev,Staig,kstaigaa@mashable.com,Male,2/9/2012,
Olivia,Bleue,obleueab@facebook.com,Female,3/17/2016,
Cad,Mounce,cmounceac@cbslocal.com,Male,3/28/2011,
Reinhold,Parsons,rparsonsad@prweb.com,Male,4/28/2017,
Claire,Elsom,celsomae@networksolutions.com,Female,1/19/2018,
Ros,Cansdale,rcansdaleaf@businesswire.com,Female,8/3/2017,
Amandi,Rapsey,arapseyag@skype.com,Female,6/22/2017,
Philipa,Hawkes,phawkesah@feedburner.com,Female,4/10/2017,
Ingra,Youles,iyoulesai@ca.gov,Male,7/21/2011,10/14/2011
Inez,Enrigo,ienrigoaj@is.gd,Female,3/11/2015,
Sholom,Sparham,ssparhamak@google.nl,Male,8/2/2014,
Bard,Mott,bmottal@amazon.de,Male,9/29/2013,
Aldous,Olenichev,aolenichevam@chicagotribune.com,Male,5/16/2015,
Holden,Quinnet,hquinnetan@xing.com,Male,10/3/2014,1/31/2017
Scottie,O'Dunneen,sodunneenao@instagram.com,Male,1/12/2012,1/16/2012
Merrile,Danilchev,mdanilchevap@multiply.com,Female,7/1/2017,9/9/2017
Melisande,Rickersey,mrickerseyaq@hao123.com,Female,11/1/2013,
Marijn,Epp,meppar@whitehouse.gov,Male,6/5/2014,
Britney,Tenant,btenantas@phpbb.com,Female,6/28/2012,4/13/2013
Web,Tidbury,wtidburyat@studiopress.com,Male,5/17/2011,6/27/2015
Roxanne,McIlreavy,rmcilreavyau@stanford.edu,Female,9/28/2015,
Noak,Brignell,nbrignellav@nhs.uk,Male,2/7/2013,5/31/2016
Carmita,Kimbly,ckimblyaw@taobao.com,Female,11/12/2013,4/18/2016
Amalle,Ahmad,aahmadax@w3.org,Female,10/14/2017,
Byron,Mates,bmatesay@ucla.edu,Male,4/23/2014,
Alana,Denge,adengeaz@istockphoto.com,Female,8/21/2011,2/3/2015
Erda,Glencross,eglencrossb0@bing.com,Female,10/4/2017,
Pansie,McCleod,pmccleodb1@rakuten.co.jp,Female,8/25/2011,9/9/2014
Malory,Doughartie,mdoughartieb2@amazonaws.com,Female,8/20/2017,
Bogart,Siddens,bsiddensb3@diigo.com,Male,5/4/2017,
Taber,Copnall,tcopnallb4@ocn.ne.jp,Male,11/2/2011,10/19/2015
Lory,Benka,lbenkab5@sciencedirect.com,Female,10/22/2012,
Joelynn,Pellamonuten,jpellamonutenb6@tinypic.com,Female,12/30/2017,
Fin,MacKinnon,fmackinnonb7@prlog.org,Male,1/24/2010,3/25/2010
Jessa,Harmant,jharmantb8@hc360.com,Female,11/6/2012,4/1/2015
Hazlett,Denidge,hdenidgeb9@blogger.com,Male,1/2/2016,
Julie,Overill,joverillba@slashdot.org,Male,4/12/2016,
Filbert,Letterick,fletterickbb@fema.gov,Male,6/7/2013,
Bennett,MacMaster,bmacmasterbc@baidu.com,Male,10/1/2016,
Waldo,Boliver,wboliverbd@admin.ch,Male,8/15/2012,7/10/2013
Alleyn,Sweynson,asweynsonbe@is.gd,Male,10/1/2010,8/17/2011
Bar,Duchasteau,bduchasteaubf@trellian.com,Male,2/25/2011,5/6/2013
Eran,Norvel,enorvelbg@reverbnation.com,Female,11/6/2013,10/28/2014
Pall,Grimmer,pgrimmerbh@sogou.com,Male,12/14/2016,
Inessa,Fowley,ifowleybi@timesonline.co.uk,Female,3/2/2017,
Bill,Able,bablebj@exblog.jp,Female,10/4/2014,
Maryl,Skpsey,mskpseybk@is.gd,Female,6/2/2017,
Coleman,Blagden,cblagdenbl@qq.com,Male,11/27/2013,11/11/2017
Lyndsay,Gonnin,lgonninbm@wordpress.org,Female,1/20/2013,
Raynell,Janko,rjankobn@networkadvertising.org,Female,7/3/2014,
Annamarie,Kensley,akensleybo@joomla.org,Female,10/2/2012,
Yehudi,Witz,ywitzbp@people.com.cn,Male,5/31/2016,
Lilith,Daniely,ldanielybq@weibo.com,Female,3/7/2015,
Wolfy,Mouatt,wmouattbr@businesswire.com,Male,8/9/2017,
Valle,Killingworth,vkillingworthbs@tuttocitta.it,Male,5/1/2015,6/18/2017
Ibrahim,Cuming,icumingbt@163.com,Male,5/31/2017,
Trip,Owttrim,towttrimbu@yahoo.co.jp,Male,7/5/2013,4/22/2017
Ethyl,Plowell,eplowellbv@msn.com,Female,10/6/2014,
Bevan,Pennone,bpennonebw@aol.com,Male,2/17/2013,11/27/2016
Lorianna,Ricioppo,lricioppobx@cocolog-nifty.com,Female,11/4/2011,11/6/2012
Mei,Perigo,mperigoby@newsvine.com,Female,10/20/2015,
Joseph,Powder,jpowderbz@homestead.com,Male,11/18/2014,8/11/2016
Roxy,Daughtrey,rdaughtreyc0@sohu.com,Female,2/8/2015,
Royce,Allibone,rallibonec1@ca.gov,Male,3/19/2017,
Jerome,Rozzell,jrozzellc2@bloglovin.com,Male,7/25/2013,
Jacquelyn,Desesquelle,jdesesquellec3@behance.net,Female,1/27/2014,
Lorraine,Melbert,lmelbertc4@jalbum.net,Female,10/19/2010,5/2/2011
Lodovico,Beville,lbevillec5@constantcontact.com,Male,1/20/2018,
Blondy,Baldry,bbaldryc6@yahoo.com,Female,3/19/2011,5/13/2012
Georgianne,Kelshaw,gkelshawc7@tmall.com,Female,4/2/2012,12/29/2014
Maxie,Dulany,mdulanyc8@studiopress.com,Female,10/18/2011,6/7/2015
Mahmoud,Oxlee,moxleec9@scribd.com,Male,8/1/2015,6/11/2017
Don,Stanluck,dstanluckca@google.it,Male,12/27/2014,
Lewie,Batters,lbatterscb@sakura.ne.jp,Male,2/2/2016,
Damiano,Bossel,dbosselcc@istockphoto.com,Male,4/27/2016,
Annie,Broader,abroadercd@1688.com,Female,11/19/2017,
Rebecka,Gillie,rgilliece@artisteer.com,Female,8/8/2012,
Tim,Brind,tbrindcf@wordpress.com,Female,4/15/2011,5/13/2011
Rachele,Manoelli,rmanoellicg@umn.edu,Female,2/15/2017,
Faustine,Begent,fbegentch@rediff.com,Female,1/26/2018,
Waldon,de Pinna,wdepinnaci@wikia.com,Male,6/10/2017,
Clementina,Beeswing,cbeeswingcj@imageshack.us,Female,3/4/2014,
Deny,Quare,dquareck@biglobe.ne.jp,Female,9/14/2013,
Burnaby,Scarfe,bscarfecl@apple.com,Male,5/2/2014,7/4/2016
Duff,Giroldo,dgiroldocm@ehow.com,Male,12/31/2013,
Rockie,Marrow,rmarrowcn@bandcamp.com,Male,3/12/2011,4/29/2014
Chalmers,Sille,csilleco@csmonitor.com,Male,1/13/2017,
Sybyl,Witcherley,switcherleycp@google.it,Female,8/17/2015,2/27/2016
Esdras,Enrico,eenricocq@bloglovin.com,Male,2/10/2014,9/21/2015
Howey,Dinneen,hdinneencr@merriam-webster.com,Male,12/31/2016,
Karil,Fevier,kfeviercs@sakura.ne.jp,Female,9/21/2015,11/21/2017
Pall,Heggman,pheggmanct@japanpost.jp,Male,12/19/2016,
Cletus,McGawn,cmcgawncu@msu.edu,Male,11/4/2012,9/29/2014
Bary,Jowsey,bjowseycv@eventbrite.com,Male,8/7/2014,1/21/2015
Lavinie,Potkins,lpotkinscw@nasa.gov,Female,4/12/2014,2/7/2015
Sianna,Bloxsom,sbloxsomcx@g.co,Female,8/15/2017,8/25/2017
Stephan,Drinkwater,sdrinkwatercy@hugedomains.com,Male,2/18/2011,3/2/2017
Talya,Stabler,tstablercz@nih.gov,Female,9/6/2014,8/21/2017
Elnora,Martignoni,emartignonid0@bluehost.com,Female,1/26/2010,3/17/2014
Merline,Brickett,mbrickettd1@harvard.edu,Female,11/25/2011,2/21/2014
Patin,Newiss,pnewissd2@usgs.gov,Male,7/31/2015,
Hernando,Loggie,hloggied3@salon.com,Male,2/10/2015,
Brandon,Scowcraft,bscowcraftd4@spiegel.de,Male,10/11/2016,
Kirbee,Ewers,kewersd5@nifty.com,Female,1/6/2010,11/5/2016
Albie,Spalls,aspallsd6@mozilla.org,Male,10/21/2012,
Peg,Stockin,pstockind7@freewebs.com,Female,4/9/2012,10/11/2017
Catarina,Barrus,cbarrusd8@army.mil,Female,3/7/2017,
Aili,Cursons,acursonsd9@studiopress.com,Female,8/29/2012,
Elwyn,Orton,eortonda@usa.gov,Male,11/21/2012,
Marty,Eeles,meelesdb@histats.com,Female,8/23/2015,
Melantha,Storkes,mstorkesdc@acquirethisname.com,Female,4/28/2014,9/30/2015
Friederike,Siney,fsineydd@indiatimes.com,Female,6/10/2014,
Pail,Tytler,ptytlerde@slashdot.org,Male,12/16/2016,
Hewet,Lohrensen,hlohrensendf@stanford.edu,Male,7/24/2013,
Rafe,Dummett,rdummettdg@angelfire.com,Male,7/6/2016,
Constantina,Dumbellow,cdumbellowdh@a8.net,Female,8/24/2017,
Jeremias,Crum,jcrumdi@weebly.com,Male,1/12/2010,5/14/2014
Emanuel,Lambshine,elambshinedj@omniture.com,Male,10/15/2014,
Barby,Kelly,bkellydk@simplemachines.org,Female,10/20/2010,4/11/2011
Terencio,Chesnay,tchesnaydl@yale.edu,Male,6/5/2010,8/1/2013
Joelie,Tessyman,jtessymandm@sciencedaily.com,Female,1/23/2017,
Gary,Darycott,gdarycottdn@sohu.com,Male,5/11/2012,
Auberon,Vanyard,avanyarddo@omniture.com,Male,10/7/2011,10/15/2012
Darb,Rollo,drollodp@phpbb.com,Male,9/1/2015,3/18/2016
Gibby,Flemming,gflemmingdq@is.gd,Male,1/13/2013,7/27/2015
Karol,Swindley,kswindleydr@bbb.org,Female,7/15/2011,
Ashien,Venus,avenusds@accuweather.com,Female,1/16/2016,
Susette,Dowtry,sdowtrydt@smugmug.com,Female,7/15/2017,
Gerti,Prine,gprinedu@printfriendly.com,Female,11/22/2012,11/27/2014
Felix,Bende,fbendedv@nymag.com,Male,6/22/2011,11/11/2016
Renate,Castellan,rcastellandw@studiopress.com,Female,2/13/2010,2/3/2011
Garald,Gandey,ggandeydx@ft.com,Male,12/11/2013,8/2/2015
Charlot,Kaplin,ckaplindy@facebook.com,Female,12/29/2014,
Kathlin,Walentynowicz,kwalentynowiczdz@fastcompany.com,Female,6/17/2012,8/23/2017
Ian,Keenlyside,ikeenlysidee0@earthlink.net,Male,8/12/2013,8/31/2014
Maurita,Hansbury,mhansburye1@google.de,Female,10/23/2015,
Mason,Roz,mroze2@house.gov,Male,7/22/2016,
Lyndel,Ashburner,lashburnere3@japanpost.jp,Female,5/21/2011,1/21/2014
Ky,Ronca,kroncae4@answers.com,Male,4/3/2014,
Rosemarie,Betteridge,rbetteridgee5@harvard.edu,Female,1/11/2016,
Mario,McRobb,mmcrobbe6@skyrock.com,Male,2/9/2013,10/10/2015
August,Hanner,ahannere7@shutterfly.com,Male,5/8/2016,
Shem,Bearham,sbearhame8@epa.gov,Male,5/4/2016,
Ax,Antrum,aantrume9@printfriendly.com,Male,7/23/2017,
Guillemette,O'Reilly,goreillyea@jugem.jp,Female,9/17/2011,1/27/2017
Hadleigh,Carnachen,hcarnacheneb@tinypic.com,Male,3/1/2011,11/26/2013
Abbi,Boulter,aboulterec@google.com.au,Female,9/19/2011,11/12/2013
Justine,Crass,jcrassed@cnn.com,Female,2/7/2013,4/19/2015
Noland,Shave,nshaveee@accuweather.com,Male,10/7/2013,5/16/2016
Dotty,Preshous,dpreshousef@ted.com,Female,12/13/2016,
Rhody,Berni,rbernieg@odnoklassniki.ru,Female,5/24/2014,12/16/2017
Bev,Luff,bluffeh@rakuten.co.jp,Male,7/24/2013,
Karee,Guilloneau,kguilloneauei@oracle.com,Female,5/23/2011,8/2/2014
Conny,Chatto,cchattoej@ibm.com,Male,8/6/2017,
Corrine,Flippen,cflippenek@geocities.com,Female,3/15/2011,12/1/2011
Lutero,Creese,lcreeseel@house.gov,Male,5/9/2016,
Eden,Worley,eworleyem@ibm.com,Female,11/17/2010,5/2/2016
Ofella,Le Noury,olenouryen@si.edu,Female,7/10/2010,10/17/2016
Geraldine,Goodyear,ggoodyeareo@mozilla.org,Female,10/18/2013,12/26/2014
Roslyn,Dunton,rduntonep@thetimes.co.uk,Female,5/14/2012,
Rozalin,Dismore,rdismoreeq@icq.com,Female,3/16/2010,11/5/2013
Jeannine,Parkins,jparkinser@ebay.com,Female,2/13/2010,7/17/2011
Bianka,Rhydderch,brhydderches@huffingtonpost.com,Female,11/3/2010,5/25/2011
Paolo,Toller,ptolleret@tinyurl.com,Male,10/12/2012,7/8/2016
Kory,Kryszka,kkryszkaeu@cloudflare.com,Male,11/2/2014,3/1/2015
Zilvia,Geraldini,zgeraldiniev@toplist.cz,Female,7/10/2014,
Ronalda,Ludovici,rludoviciew@harvard.edu,Female,1/1/2014,6/26/2015
Carlynne,Wincer,cwincerex@oracle.com,Female,8/31/2016,
Markos,Jeyes,mjeyesey@smh.com.au,Male,5/7/2016,
Sherye,Fusedale,sfusedaleez@blogtalkradio.com,Female,11/20/2015,
Nealson,Reily,nreilyf0@nhs.uk,Male,8/7/2013,11/29/2017
Lavena,Giddens,lgiddensf1@utexas.edu,Female,10/29/2017,
Dieter,Fenwick,dfenwickf2@bloglines.com,Male,1/25/2015,3/18/2017
Rodd,Tranter,rtranterf3@psu.edu,Male,11/23/2013,
Lindy,Gilburt,lgilburtf4@springer.com,Male,6/17/2011,2/6/2016
Regen,McCarthy,rmccarthyf5@mayoclinic.com,Male,6/14/2015,11/29/2015
Gloriane,Reinbeck,greinbeckf6@fc2.com,Female,3/18/2016,
Jeni,Litherborough,jlitherboroughf7@360.cn,Female,1/29/2013,12/30/2016
Linnet,Salvatore,lsalvatoref8@nhs.uk,Female,11/9/2010,5/3/2015
Tallou,Mansour,tmansourf9@instagram.com,Female,8/4/2016,
Cybil,Rawcliffe,crawcliffefa@mayoclinic.com,Female,4/24/2013,
Warren,Dencs,wdencsfb@archive.org,Male,1/6/2011,6/22/2012
Adelice,Stennett,astennettfc@opera.com,Female,7/22/2017,
Lucius,Cornels,lcornelsfd@microsoft.com,Male,6/20/2011,10/25/2017
Malanie,Sheringham,msheringhamfe@creativecommons.org,Female,4/24/2017,
Price,Brimilcombe,pbrimilcombeff@ocn.ne.jp,Male,5/15/2014,10/11/2014
Herschel,Hussey,hhusseyfg@ftc.gov,Male,10/2/2017,
Dorelia,Mitchall,dmitchallfh@hc360.com,Female,5/2/2011,5/20/2012
Etti,Hucknall,ehucknallfi@reuters.com,Female,11/11/2012,9/16/2015
Bank,Sloam,bsloamfj@sphinn.com,Male,2/12/2010,2/27/2014
Allyn,Chicotti,achicottifk@odnoklassniki.ru,Male,3/28/2016,
Byran,Dinzey,bdinzeyfl@eventbrite.com,Male,4/8/2010,11/24/2010
Manda,Ninnotti,mninnottifm@meetup.com,Female,7/9/2013,
Fidelity,Hounsome,fhounsomefn@pagesperso-orange.fr,Female,7/4/2014,5/15/2017
Arlene,Kentwell,akentwellfo@addthis.com,Female,4/3/2010,4/20/2013
Hallsy,Skeldon,hskeldonfp@squarespace.com,Male,6/19/2010,10/16/2013
Joycelin,Ladewig,jladewigfq@blinklist.com,Female,5/10/2012,4/4/2017
Spence,Burvill,sburvillfr@scribd.com,Male,1/14/2010,12/24/2014
Jorey,Shovel,jshovelfs@diigo.com,Female,9/4/2010,2/26/2017
Kimberlyn,Remirez,kremirezft@posterous.com,Female,11/17/2013,3/16/2015
Sam,Brede,sbredefu@ning.com,Male,4/3/2016,
Kendra,Insoll,kinsollfv@nih.gov,Female,11/30/2017,
Isahella,Andreev,iandreevfw@cnn.com,Female,9/6/2010,10/19/2016
Gabbi,Tresler,gtreslerfx@hp.com,Female,10/20/2017,
Gayler,Parmenter,gparmenterfy@unc.edu,Male,5/11/2017,
Caril,Rickman,crickmanfz@noaa.gov,Female,7/22/2013,1/23/2015
Hedwiga,Deverale,hdeveraleg0@slate.com,Female,4/14/2010,7/20/2011
Mace,Retallack,mretallackg1@bandcamp.com,Male,7/23/2011,
Sayres,Gosenell,sgosenellg2@washingtonpost.com,Male,1/9/2016,
Ted,Leupold,tleupoldg3@tinyurl.com,Male,5/31/2013,7/15/2016
Mason,Prandoni,mprandonig4@ibm.com,Male,8/9/2015,
Cherish,Wardle,cwardleg5@go.com,Female,12/9/2012,11/1/2016
Verney,Darbey,vdarbeyg6@mediafire.com,Male,10/12/2015,1/4/2017
Natalee,Noke,nnokeg7@slate.com,Female,2/16/2013,1/29/2015
Tris,Silburn,tsilburng8@furl.net,Male,8/19/2017,
Marrilee,Thyng,mthyngg9@go.com,Female,2/25/2015,11/29/2016
Sanson,Edis,sedisga@google.cn,Male,3/29/2013,
Lolly,Hrinishin,lhrinishingb@miitbeian.gov.cn,Female,2/25/2012,8/19/2014
Zeke,Oury,zourygc@unesco.org,Male,9/25/2010,7/6/2017
Whitney,Baiyle,wbaiylegd@cloudflare.com,Female,9/10/2012,
Karla,Bulfield,kbulfieldge@webeden.co.uk,Female,1/14/2013,
Kari,Hansana,khansanagf@yahoo.com,Female,8/28/2016,3/6/2017
Gladys,Fergyson,gfergysongg@craigslist.org,Female,2/7/2013,
Laraine,Reace,lreacegh@chron.com,Female,4/2/2012,11/11/2016
Izak,Godspeede,igodspeedegi@redcross.org,Male,4/7/2011,4/23/2012
Huberto,Bazelle,hbazellegj@washington.edu,Male,3/15/2016,
Omero,Swetenham,oswetenhamgk@google.fr,Male,6/18/2011,8/24/2012
Deny,Powis,dpowisgl@vimeo.com,Female,3/10/2012,12/27/2012
Christy,Lathleiff,clathleiffgm@fda.gov,Female,7/6/2010,10/26/2016
Allyn,Buttwell,abuttwellgn@cafepress.com,Female,9/8/2012,
Sauveur,Pressland,spresslandgo@imdb.com,Male,12/22/2013,11/14/2015
Yule,Petrollo,ypetrollogp@tinypic.com,Male,4/19/2015,
Sarena,Gerok,sgerokgq@dot.gov,Female,9/21/2015,1/6/2017
Lia,Basek,lbasekgr@ted.com,Female,6/11/2015,
Licha,Lannen,llannengs@cdbaby.com,Female,6/5/2010,1/28/2014
Florance,Daniellot,fdaniellotgt@imgur.com,Female,4/25/2016,
Yance,Mundwell,ymundwellgu@telegraph.co.uk,Male,9/14/2014,
Gaven,Kempshall,gkempshallgv@howstuffworks.com,Male,1/11/2014,9/7/2014
Adolf,Swinfen,aswinfengw@dell.com,Male,3/4/2017,
Daryle,Spikings,dspikingsgx@springer.com,Male,1/2/2011,2/18/2013
Frants,McGeagh,fmcgeaghgy@nhs.uk,Male,4/17/2012,8/12/2016
Cal,Koch,ckochgz@sogou.com,Male,1/23/2010,2/27/2016
Bernetta,Judgkins,bjudgkinsh0@ca.gov,Female,6/17/2016,
Cinda,Hamments,chammentsh1@oracle.com,Female,5/23/2017,
Max,Amner,mamnerh2@photobucket.com,Female,3/4/2017,
Rosana,Shulver,rshulverh3@1und1.de,Female,9/29/2013,8/8/2016
Maddi,Lerer,mlererh4@facebook.com,Female,10/19/2012,4/18/2013
Aluin,Pierro,apierroh5@artisteer.com,Male,5/23/2015,
Brunhilda,Ladbrook,bladbrookh6@wsj.com,Female,5/18/2010,8/20/2016
Eartha,Patters,epattersh7@arizona.edu,Female,7/3/2014,4/23/2015
Tiffy,Falls,tfallsh8@chronoengine.com,Female,8/18/2012,
Marget,Leppard,mleppardh9@bloglovin.com,Female,1/1/2014,2/15/2016
Norry,Bodsworth,nbodsworthha@forbes.com,Male,2/25/2013,
Lyman,Wenn,lwennhb@123-reg.co.uk,Male,1/12/2017,
Vincent,Watkin,vwatkinhc@earthlink.net,Male,3/31/2015,
Darrel,Orton,dortonhd@apache.org,Male,3/30/2017,
Rennie,Acome,racomehe@angelfire.com,Female,7/4/2017,
Kariotta,Steiner,ksteinerhf@jugem.jp,Female,4/22/2016,5/1/2016
Carmen,Tierny,ctiernyhg@hp.com,Female,10/10/2015,
Lucky,Donnellan,ldonnellanhh@angelfire.com,Female,8/16/2013,5/28/2014
Sandy,Cosham,scoshamhi@vkontakte.ru,Female,8/30/2017,
Pascal,Gillatt,pgillatthj@intel.com,Male,12/3/2016,4/18/2017
Baryram,Sinnock,bsinnockhk@51.la,Male,1/10/2010,6/18/2015
Donica,Cresswell,dcresswellhl@ebay.co.uk,Female,2/28/2013,1/12/2018
Rosita,Darko,rdarkohm@ebay.co.uk,Female,9/24/2015,
Susanna,Mathan,smathanhn@storify.com,Female,8/24/2017,
Lexie,Ethelston,lethelstonho@opera.com,Female,11/30/2013,
Janice,Treadgold,jtreadgoldhp@constantcontact.com,Female,9/27/2011,5/6/2015
Shepherd,Delmonti,sdelmontihq@psu.edu,Male,1/9/2015,10/2/2015
Preston,Grinaway,pgrinawayhr@google.es,Male,3/12/2013,3/23/2015
Standford,Gerrelt,sgerrelths@zimbio.com,Male,3/8/2014,2/3/2018
Fonsie,Alldis,falldisht@si.edu,Male,3/20/2010,8/10/2010
Theodore,Fynan,tfynanhu@clickbank.net,Male,12/29/2013,7/10/2017
Cora,Wringe,cwringehv@paypal.com,Female,11/10/2011,7/20/2015
Perla,Ferrettini,pferrettinihw@livejournal.com,Female,1/5/2010,9/23/2014
Audrie,Colbran,acolbranhx@unicef.org,Female,2/23/2017,1/15/2018
Timoteo,Sargent,tsargenthy@mozilla.org,Male,12/8/2016,
Lemuel,MacKaig,lmackaighz@miitbeian.gov.cn,Male,6/17/2011,10/15/2012
Kenton,Minnock,kminnocki0@apache.org,Male,7/26/2013,3/28/2014
Skyler,Fletcher,sfletcheri1@arizona.edu,Male,4/14/2014,8/15/2014
Fletch,Bencher,fbencheri2@sourceforge.net,Male,1/11/2014,
Crissy,Girhard,cgirhardi3@vkontakte.ru,Female,1/24/2016,
Lee,Domengue,ldomenguei4@zimbio.com,Female,10/2/2010,4/2/2014
Martina,Langsdon,mlangsdoni5@microsoft.com,Female,2/8/2012,7/29/2012
Corbie,Ladd,claddi6@freewebs.com,Male,1/30/2015,
Jude,Mathwen,jmathweni7@epa.gov,Male,7/24/2013,
Hans,Jacklings,hjacklingsi8@arizona.edu,Male,3/11/2014,
Ashleigh,Crew,acrewi9@facebook.com,Female,11/10/2011,12/30/2016
Dallas,Mundow,dmundowia@wufoo.com,Female,12/20/2017,
Mirilla,Bilbrooke,mbilbrookeib@salon.com,Female,3/3/2014,5/16/2017
Mick,Dollard,mdollardic@yelp.com,Male,4/3/2013,
Elisabet,Drexel,edrexelid@businesswire.com,Female,1/6/2013,
Darrel,Block,dblockie@netscape.com,Male,2/5/2016,
Renaud,Sterzaker,rsterzakerif@msu.edu,Male,1/31/2010,2/16/2014
Ches,Van der Merwe,cvandermerweig@wikimedia.org,Male,7/31/2013,5/16/2014
Isadore,McKune,imckuneih@networksolutions.com,Male,4/27/2015,
Mathias,Thomasson,mthomassonii@elegantthemes.com,Male,6/20/2013,8/30/2017
Baldwin,Allan,ballanij@elpais.com,Male,10/22/2017,
Emilio,Burgyn,eburgynik@usnews.com,Male,8/14/2011,
Chere,Crimmins,ccrimminsil@flavors.me,Female,8/13/2016,
Darill,Eatherton,deathertonim@t-online.de,Male,12/7/2011,
Lorette,Children,lchildrenin@theglobeandmail.com,Female,10/12/2016,
Nickie,Matessian,nmatessianio@biblegateway.com,Male,10/11/2011,
Bradford,Presnail,bpresnailip@ucsd.edu,Male,2/15/2017,
Lock,Arnauduc,larnauduciq@globo.com,Male,8/6/2016,10/17/2017
Cecelia,Phillippo,cphillippoir@netlog.com,Female,3/27/2013,1/15/2018
Gweneth,Crowder,gcrowderis@apple.com,Female,7/9/2014,
Gayle,Ludlamme,gludlammeit@jimdo.com,Female,1/13/2015,
Robinet,Scantleberry,rscantleberryiu@cbc.ca,Female,9/19/2016,2/5/2018
Bobbie,Spurman,bspurmaniv@shinystat.com,Male,12/1/2013,
Quinta,Donaldson,qdonaldsoniw@artisteer.com,Female,10/13/2012,
Adolpho,Lalley,alalleyix@berkeley.edu,Male,8/27/2013,5/9/2014
Audra,Zanneli,azanneliiy@whitehouse.gov,Female,8/17/2015,
Sheelagh,Pawelec,spaweleciz@macromedia.com,Female,11/7/2013,4/23/2015
Kippy,Guillart,kguillartj0@biblegateway.com,Female,12/2/2011,4/22/2015
Ethelred,Cribbins,ecribbinsj1@digg.com,Male,12/16/2015,
Crin,Depka,cdepkaj2@pagesperso-orange.fr,Female,6/2/2011,12/22/2015
Bat,Doyle,bdoylej3@nhs.uk,Male,11/30/2013,2/23/2016
Zena,Tomblin,ztomblinj4@nasa.gov,Female,4/13/2014,
Albert,Swaffer,aswafferj5@blog.com,Male,5/30/2010,11/6/2012
Carver,Padden,cpaddenj6@goo.ne.jp,Male,7/20/2012,1/5/2014
Maridel,Tegler,mteglerj7@google.es,Female,3/21/2011,7/23/2012
Alberik,Piolli,apiollij8@usgs.gov,Male,11/24/2011,
Concettina,Zmitrovich,czmitrovichj9@e-recht24.de,Female,4/5/2014,
Rayshell,Piggot,rpiggotja@wordpress.com,Female,6/26/2013,9/11/2015
Thebault,Hairs,thairsjb@patch.com,Male,8/18/2017,11/20/2017
Annabel,De Andreis,adeandreisjc@wikipedia.org,Female,11/23/2013,12/8/2014
Kaia,Crudginton,kcrudgintonjd@spiegel.de,Female,2/15/2017,
Gabie,Farenden,gfarendenje@google.it,Male,2/24/2014,
Saunders,Stokes,sstokesjf@wikia.com,Male,10/3/2016,
Sloane,Paulus,spaulusjg@guardian.co.uk,Male,2/24/2011,10/31/2012
Thorsten,Sommerton,tsommertonjh@ning.com,Male,11/30/2016,
Katerina,Caddie,kcaddieji@ovh.net,Female,3/13/2017,
Sig,Cordle,scordlejj@indiegogo.com,Male,8/27/2010,9/19/2016
Isiahi,Thornton-Dewhirst,ithorntondewhirstjk@opensource.org,Male,12/26/2016,1/13/2018
Gabby,Branford,gbranfordjl@live.com,Male,6/20/2017,
Gerhard,Aronowicz,garonowiczjm@google.com.br,Male,9/28/2013,9/19/2014
Axe,Exer,aexerjn@bigcartel.com,Male,9/18/2014,
Violet,Benninck,vbenninckjo@seattletimes.com,Female,1/24/2013,4/5/2017
Hedda,Tweed,htweedjp@latimes.com,Female,1/15/2015,6/24/2016
Aurore,Woolaston,awoolastonjq@chronoengine.com,Female,7/16/2012,
Jimmie,Cerith,jcerithjr@yandex.ru,Male,4/4/2016,
Josepha,Gail,jgailjs@shareasale.com,Female,7/11/2013,
Beverley,Colliver,bcolliverjt@techcrunch.com,Female,5/31/2013,9/18/2015
Brit,Felipe,bfelipeju@craigslist.org,Male,11/9/2010,8/13/2015
Hailey,Woodyeare,hwoodyearejv@bravesites.com,Male,3/16/2011,7/24/2013
Ginnie,Antonich,gantonichjw@seesaa.net,Female,9/19/2013,
Ellery,Sailes,esailesjx@bigcartel.com,Male,2/1/2012,
Ivan,Jerome,ijeromejy@google.com.br,Male,8/21/2016,4/21/2017
Putnem,Kirke,pkirkejz@instagram.com,Male,12/19/2012,10/25/2016
Nathanil,Paolo,npaolok0@soup.io,Male,10/23/2010,11/9/2015
Hunt,Sally,hsallyk1@php.net,Male,4/25/2011,8/14/2013
Dalton,Trowl,dtrowlk2@meetup.com,Male,9/26/2013,3/23/2015
Mannie,Tear,mteark3@google.it,Male,5/28/2016,
Gizela,Hintze,ghintzek4@google.com.br,Female,4/9/2016,
Vale,Pirt,vpirtk5@weather.com,Female,5/18/2016,
Bibby,Dumingos,bdumingosk6@aboutads.info,Female,12/28/2012,10/10/2015
Orlando,Ellingsworth,oellingsworthk7@instagram.com,Male,5/10/2014,1/19/2018
Minne,Weeds,mweedsk8@theglobeandmail.com,Female,10/16/2013,
Odell,Dunmuir,odunmuirk9@sciencedaily.com,Male,2/15/2010,1/8/2011
Barrie,Benoix,bbenoixka@aboutads.info,Male,10/29/2012,9/4/2015
Jaimie,Prandoni,jprandonikb@studiopress.com,Male,7/29/2014,
Winifield,Fagge,wfaggekc@biblegateway.com,Male,5/1/2012,8/11/2013
Faythe,Corkitt,fcorkittkd@edublogs.org,Female,12/4/2012,8/3/2016
Phillipp,Dunmore,pdunmoreke@cyberchimps.com,Male,7/12/2015,12/25/2016
William,Sillwood,wsillwoodkf@360.cn,Male,4/24/2017,
Janeczka,McQuilty,jmcquiltykg@sina.com.cn,Female,1/18/2010,9/4/2016
Eleonora,Adlam,eadlamkh@squarespace.com,Female,7/12/2011,9/15/2013
Vivia,Lentsch,vlentschki@mit.edu,Female,8/2/2015,
Ursola,Reilinger,ureilingerkj@homestead.com,Female,11/1/2016,
Fabe,Covington,fcovingtonkk@posterous.com,Male,7/18/2016,
Clarette,Braxay,cbraxaykl@wikimedia.org,Female,6/8/2015,
Angil,Merrison,amerrisonkm@time.com,Female,11/20/2012,1/8/2017
Van,Maddaford,vmaddafordkn@etsy.com,Female,1/26/2010,8/31/2015
Sawyer,Shellard,sshellardko@fastcompany.com,Male,1/20/2011,3/22/2013
Sammy,Mountney,smountneykp@bravesites.com,Female,5/24/2012,12/7/2012
Ermanno,Sebert,esebertkq@cdc.gov,Male,8/13/2013,11/2/2013
Dav,Handsheart,dhandsheartkr@miitbeian.gov.cn,Male,5/28/2016,
Dorey,Pratt,dprattks@shareasale.com,Male,10/24/2011,
Jae,Hassin,jhassinkt@imgur.com,Male,10/1/2010,11/13/2013
Kissie,Chamney,kchamneyku@hp.com,Female,12/8/2017,
Elene,Roantree,eroantreekv@google.com,Female,4/4/2015,
Elwood,Elms,eelmskw@sakura.ne.jp,Male,1/9/2012,6/24/2014
Mirabelle,Guirau,mguiraukx@ucoz.ru,Female,5/22/2013,
Kele,Cantera,kcanteraky@sfgate.com,Male,10/2/2010,9/22/2017
Paddy,Souness,psounesskz@whitehouse.gov,Male,12/7/2011,2/20/2013
Loydie,Toler,ltolerl0@facebook.com,Male,1/31/2010,11/10/2013
Emalia,Mc Meekin,emcmeekinl1@cnet.com,Female,7/19/2011,6/22/2012
Cal,Keam,ckeaml2@biblegateway.com,Male,3/6/2012,11/13/2017
Annemarie,Rudsdale,arudsdalel3@t-online.de,Female,12/8/2014,
Granger,Attrie,gattriel4@multiply.com,Male,2/24/2016,
Ana,Abramowitz,aabramowitzl5@constantcontact.com,Female,8/26/2017,
Hermie,Clementet,hclementetl6@whitehouse.gov,Male,2/21/2014,
Toni,Round,troundl7@buzzfeed.com,Female,6/17/2014,
Kora,Retchless,kretchlessl8@mac.com,Female,11/7/2016,
Gabriela,Shoubridge,gshoubridgel9@va.gov,Female,10/14/2014,
Lyndsie,Gaspero,lgasperola@dell.com,Female,7/28/2014,
Rosabel,Poultney,rpoultneylb@ocn.ne.jp,Female,12/23/2016,
Carline,Downe,cdownelc@twitpic.com,Female,9/6/2014,1/19/2015
Prisca,O'Haire,pohaireld@noaa.gov,Female,8/25/2016,
Hartley,Urion,hurionle@census.gov,Male,12/2/2013,
Bebe,Willshee,bwillsheelf@youtu.be,Female,4/10/2012,
Bailey,Ledes,bledeslg@wp.com,Male,4/1/2013,
Barris,Nystrom,bnystromlh@zimbio.com,Male,2/15/2017,11/19/2017
Daffy,Notley,dnotleyli@nyu.edu,Female,9/20/2013,8/17/2014
Bourke,Moreno,bmorenolj@dyndns.org,Male,2/27/2011,9/24/2017
Ansell,Bellison,abellisonlk@washingtonpost.com,Male,3/7/2011,5/24/2017
Janie,Arstingall,jarstingallll@github.com,Female,2/14/2017,
Allis,Nucci,anuccilm@google.ca,Female,11/15/2010,
Arin,Elman,aelmanln@nasa.gov,Male,5/2/2010,2/17/2013
Benny,Tock,btocklo@gmpg.org,Female,1/6/2013,
Taber,Jewis,tjewislp@bloomberg.com,Male,5/11/2010,6/13/2014
Kipper,Meeland,kmeelandlq@wikipedia.org,Male,1/29/2012,
Dasya,Mews,dmewslr@msu.edu,Female,7/30/2011,9/3/2016
Merrill,Sabberton,msabbertonls@ox.ac.uk,Female,1/2/2014,
Emlynn,Bulbrook,ebulbrooklt@oracle.com,Female,8/1/2010,11/21/2011
Aurilia,Pisculli,apiscullilu@freewebs.com,Female,3/14/2011,3/21/2014
Elsi,Wethered,ewetheredlv@squarespace.com,Female,9/30/2013,9/11/2015
Gustave,Waldrum,gwaldrumlw@mapquest.com,Male,9/17/2012,5/14/2016
Claudine,Acland,caclandlx@example.com,Female,4/9/2010,3/16/2017
Galvan,Corp,gcorply@topsy.com,Male,2/6/2010,3/10/2011
Stanislaus,Terne,sternelz@canalblog.com,Male,6/19/2016,
Pierre,Tweedie,ptweediem0@1und1.de,Male,6/13/2013,11/19/2013
Claudette,Massot,cmassotm1@ask.com,Female,3/18/2017,1/4/2018
Davida,Bradnocke,dbradnockem2@springer.com,Female,8/30/2017,
Matthus,Coleshill,mcoleshillm3@ihg.com,Male,7/3/2010,
Brande,Waszczykowski,bwaszczykowskim4@blogger.com,Female,3/23/2011,5/21/2013
Eula,Bedrosian,ebedrosianm5@360.cn,Female,2/26/2011,
Jenn,Gile,jgilem6@myspace.com,Female,11/11/2015,
Manuel,Brundle,mbrundlem7@diigo.com,Male,5/22/2015,11/14/2015
Dosi,Guillerman,dguillermanm8@t-online.de,Female,8/1/2014,12/31/2015
Antonino,Cicchelli,acicchellim9@bluehost.com,Male,12/19/2010,5/10/2017
Maisie,Ber,mberma@sohu.com,Female,3/8/2015,3/9/2016
Ericka,Flooks,eflooksmb@i2i.jp,Female,11/14/2010,6/16/2014
Myles,Ragborne,mragbornemc@google.nl,Male,2/3/2016,2/3/2018
Orlan,Jansie,ojansiemd@mapquest.com,Male,6/24/2015,
Candide,Herrero,cherrerome@slate.com,Female,6/18/2012,5/22/2013
Lefty,Gernier,lgerniermf@army.mil,Male,5/19/2012,10/17/2016
Nike,Chicotti,nchicottimg@bbb.org,Female,6/5/2017,6/23/2017
Bettina,Cowsby,bcowsbymh@weather.com,Female,2/8/2017,
Alleen,Edgeller,aedgellermi@usnews.com,Female,5/16/2015,
Donni,Sparsholt,dsparsholtmj@list-manage.com,Female,10/23/2013,
Berry,Odd,boddmk@china.com.cn,Female,9/9/2015,
Levey,Prinnett,lprinnettml@spotify.com,Male,12/20/2016,2/5/2018
Ricky,Leverson,rleversonmm@columbia.edu,Male,1/26/2012,
Warner,Tomblett,wtomblettmn@netlog.com,Male,11/12/2012,8/8/2013
Sol,Harhoff,sharhoffmo@youtube.com,Male,8/15/2013,
Masha,Filippi,mfilippimp@over-blog.com,Female,9/19/2015,
Rollins,Wrigglesworth,rwrigglesworthmq@sciencedaily.com,Male,1/29/2018,
Michael,Snellman,msnellmanmr@hibu.com,Male,12/13/2013,
Boyd,Mellanby,bmellanbyms@google.co.uk,Male,4/26/2010,3/25/2016
Alameda,Cawte,acawtemt@sourceforge.net,Female,12/26/2012,6/2/2013
Willem,Stradling,wstradlingmu@nasa.gov,Male,3/10/2011,11/4/2016
Laure,MacEllen,lmacellenmv@soundcloud.com,Female,9/21/2011,10/5/2017
Karry,Gibben,kgibbenmw@spiegel.de,Female,3/7/2010,5/21/2012
Abigael,Morritt,amorrittmx@forbes.com,Female,2/16/2017,
Base,Ropartz,bropartzmy@salon.com,Male,6/21/2016,
Kerwin,Sculley,ksculleymz@marketwatch.com,Male,4/8/2012,
Morey,Pashan,mpashann0@4shared.com,Male,12/15/2015,
Demetri,Uridge,duridgen1@dedecms.com,Male,12/28/2010,4/25/2014
Pierre,Salmond,psalmondn2@mapquest.com,Male,12/27/2015,
Annette,Freezer,afreezern3@npr.org,Female,9/26/2012,8/1/2014
Lucretia,Shaw,lshawn4@paginegialle.it,Female,3/14/2016,
Marya,Matousek,mmatousekn5@plala.or.jp,Female,3/22/2014,8/25/2014
Franz,Areles,farelesn6@ftc.gov,Male,8/19/2012,1/13/2017
Ofelia,Bratley,obratleyn7@friendfeed.com,Female,9/20/2016,
Donny,Heffron,dheffronn8@hao123.com,Female,9/19/2016,
Fanchette,Blacktin,fblacktinn9@people.com.cn,Female,9/8/2010,7/21/2012
Zonda,Quayle,zquaylena@disqus.com,Female,7/7/2011,8/5/2016
Rock,Brecknell,rbrecknellnb@bloglovin.com,Male,11/3/2015,
Leeann,Betho,lbethonc@istockphoto.com,Female,9/29/2017,
Fanya,Brislawn,fbrislawnnd@va.gov,Female,6/21/2011,6/6/2016
Davy,Vallis,dvallisne@statcounter.com,Male,2/23/2017,
Tyrone,Jurges,tjurgesnf@shareasale.com,Male,9/8/2017,
Will,Mughal,wmughalng@bluehost.com,Male,3/8/2014,12/17/2014
Mallory,Niemetz,mniemetznh@comsenz.com,Female,6/3/2016,
George,Walas,gwalasni@xinhuanet.com,Male,8/4/2011,3/9/2014
Merrilee,Christophe,mchristophenj@printfriendly.com,Female,3/7/2011,10/8/2014
Rivalee,Longland,rlonglandnk@bbc.co.uk,Female,11/21/2011,1/9/2016
Dena,Bertlin,dbertlinnl@pbs.org,Female,6/28/2012,7/10/2016
Earl,Kitchingman,ekitchingmannm@bloomberg.com,Male,1/19/2014,
Jolie,Sweeney,jsweeneynn@stanford.edu,Female,3/26/2011,4/21/2016
Becki,Greenroyd,bgreenroydno@vkontakte.ru,Female,4/2/2014,7/8/2014
Moria,Cinavas,mcinavasnp@marketwatch.com,Female,10/28/2012,
Randie,Cornu,rcornunq@linkedin.com,Male,9/15/2012,7/4/2015
Barbabra,Cowp,bcowpnr@vistaprint.com,Female,1/9/2010,6/11/2014
Elmore,Skeffington,eskeffingtonns@lulu.com,Male,4/9/2015,9/28/2017
Monroe,Bohey,mboheynt@gmpg.org,Male,3/2/2014,7/6/2014
Taddeusz,Body,tbodynu@shinystat.com,Male,12/24/2013,
Jaynell,Pipe,jpipenv@aol.com,Female,9/6/2013,9/15/2016
Mord,Lancetter,mlancetternw@twitter.com,Male,11/21/2013,8/14/2016
Alexandr,Pratchett,apratchettnx@plala.or.jp,Male,6/12/2016,
Dirk,Sillis,dsillisny@wired.com,Male,3/10/2011,8/23/2016
Dannie,Lancastle,dlancastlenz@cdc.gov,Male,8/1/2017,
Lonnie,Cuerdall,lcuerdallo0@washington.edu,Female,6/13/2016,1/10/2018
Gabriel,Chetham,gchethamo1@dailymotion.com,Female,11/27/2010,3/5/2013
Manny,Watsam,mwatsamo2@google.it,Male,6/6/2012,2/25/2013
Tedda,Eadmead,teadmeado3@mtv.com,Female,10/4/2011,1/17/2013
Carmelia,Rouke,croukeo4@tinypic.com,Female,1/2/2013,
Quent,Lilie,qlilieo5@vinaora.com,Male,5/8/2011,
Gonzalo,Bubb,gbubbo6@ovh.net,Male,3/25/2015,
Rachelle,Conechie,rconechieo7@nydailynews.com,Female,6/10/2017,
Alecia,Sidwell,asidwello8@adobe.com,Female,11/23/2010,8/2/2013
Starlene,Letherbury,sletherburyo9@themeforest.net,Female,10/19/2011,12/9/2012
Ruperto,Seabridge,rseabridgeoa@weibo.com,Male,11/8/2013,
Ronalda,Cowdray,rcowdrayob@reference.com,Female,6/11/2010,8/15/2016
Agnella,Ridwood,aridwoodoc@dedecms.com,Female,5/15/2014,
Grace,Echalier,gechalierod@indiegogo.com,Male,5/21/2012,5/7/2014
Tucker,Maciocia,tmaciociaoe@goodreads.com,Male,12/30/2011,1/10/2018
Bone,Cohn,bcohnof@soup.io,Male,12/3/2011,
Melisse,Elleton,melletonog@unesco.org,Female,2/25/2015,
Sande,Schimaschke,sschimaschkeoh@google.com.hk,Female,9/17/2016,
Urbanus,Tulley,utulleyoi@ftc.gov,Male,5/15/2014,12/11/2015
Kippy,Quemby,kquembyoj@wired.com,Female,3/13/2014,
Julie,Tinniswood,jtinniswoodok@google.com.au,Male,6/2/2011,
Korrie,Greydon,kgreydonol@wordpress.com,Female,12/28/2014,6/12/2016
Jard,Roote,jrooteom@adobe.com,Male,4/6/2011,10/31/2011
Timoteo,Hincham,thinchamon@imageshack.us,Male,9/20/2016,
Deina,Chishull,dchishulloo@cyberchimps.com,Female,9/23/2013,
Meade,Milne,mmilneop@oaic.gov.au,Female,10/31/2011,9/22/2013
Alvan,Liccardi,aliccardioq@amazon.de,Male,10/5/2011,
Eleanor,Jeffry,ejeffryor@indiegogo.com,Female,4/17/2010,10/3/2017
Dorotea,Shevell,dshevellos@imdb.com,Female,4/29/2014,
Brigit,Gosenell,bgosenellot@wisc.edu,Female,10/13/2015,3/4/2016
Shelton,Findlow,sfindlowou@epa.gov,Male,1/30/2014,
Katharine,Sussams,ksussamsov@samsung.com,Female,3/1/2012,12/21/2015
Garrot,Videan,gvideanow@histats.com,Male,12/24/2012,
Ximenez,McDermott,xmcdermottox@time.com,Male,9/30/2010,8/9/2014
Baudoin,Josifovitz,bjosifovitzoy@phpbb.com,Male,11/10/2017,
Blake,Dabs,bdabsoz@hostgator.com,Female,3/23/2011,4/9/2017
Portie,Kingscott,pkingscottp0@blogger.com,Male,5/3/2011,12/2/2014
Marietta,Mews,mmewsp1@gizmodo.com,Female,2/26/2011,6/21/2011
Marco,Blaksland,mblakslandp2@squarespace.com,Male,2/29/2016,
Dominik,Dockwray,ddockwrayp3@fema.gov,Male,1/2/2015,
Beverlee,Lewer,blewerp4@mapquest.com,Female,11/27/2013,
Ive,Ladyman,iladymanp5@noaa.gov,Male,3/4/2011,12/8/2017
Julienne,Cleiment,jcleimentp6@samsung.com,Female,2/13/2016,
Fredericka,Scorah,fscorahp7@google.cn,Female,7/31/2010,6/10/2015
Cordy,Jerome,cjeromep8@google.ru,Male,11/1/2015,2/5/2018
Jodie,Lansbury,jlansburyp9@yellowbook.com,Male,5/6/2015,12/21/2017
Reese,Benedtti,rbenedttipa@homestead.com,Male,7/20/2014,
Angelika,MacGragh,amacgraghpb@ibm.com,Female,2/5/2011,
Madeleine,Parnall,mparnallpc@narod.ru,Female,3/3/2013,
Petr,Lydon,plydonpd@acquirethisname.com,Male,5/6/2012,2/7/2013
Jose,Waycot,jwaycotpe@flickr.com,Male,11/24/2011,4/28/2016
Rollie,Jain,rjainpf@theguardian.com,Male,10/24/2011,10/31/2014
Lazaro,Pren,lprenpg@a8.net,Male,2/18/2011,4/22/2017
Suzette,Overall,soverallph@msu.edu,Female,6/24/2016,9/11/2017
Nathan,Chesterfield,nchesterfieldpi@skyrock.com,Male,6/8/2014,2/18/2016
Lowrance,Petris,lpetrispj@flavors.me,Male,8/25/2016,
Warren,Todd,wtoddpk@hp.com,Male,5/22/2011,7/30/2015
Corbie,Kamall,ckamallpl@printfriendly.com,Male,6/20/2011,11/16/2016
Deva,Clara,dclarapm@bigcartel.com,Female,10/26/2015,11/15/2016
Isa,Bigley,ibigleypn@economist.com,Male,5/25/2011,2/8/2017
Leoline,Littrick,llittrickpo@ucoz.ru,Female,9/17/2014,12/2/2017
Millie,Tantum,mtantumpp@cbslocal.com,Female,1/25/2014,
Husein,Reuss,hreusspq@cmu.edu,Male,3/24/2015,9/3/2017
Desi,Winsome,dwinsomepr@yelp.com,Male,6/5/2013,1/19/2015
Anthiathia,Geibel,ageibelps@sciencedaily.com,Female,3/13/2017,
Carlos,Gasker,cgaskerpt@illinois.edu,Male,3/15/2015,
Yancy,Stratford,ystratfordpu@cocolog-nifty.com,Male,8/19/2013,5/12/2017
Emery,Dadge,edadgepv@spiegel.de,Male,2/8/2016,
Broderic,Greatbank,bgreatbankpw@slashdot.org,Male,8/18/2016,
Kin,Andrieu,kandrieupx@myspace.com,Male,8/1/2010,8/25/2011
Emili,Buncher,ebuncherpy@shareasale.com,Female,5/31/2012,1/20/2013
Frances,Tristram,ftristrampz@sourceforge.net,Female,1/7/2010,1/23/2012
Reagen,Klimecki,rklimeckiq0@github.com,Male,11/10/2010,1/16/2016
Alyosha,Goulthorp,agoulthorpq1@blogs.com,Male,9/1/2014,7/14/2017
Amie,Ritchley,aritchleyq2@reddit.com,Female,12/14/2012,1/1/2017
Maurine,Aslott,maslottq3@dropbox.com,Female,9/3/2013,12/4/2014
Milt,Kenna,mkennaq4@berkeley.edu,Male,8/24/2011,5/23/2015
Kasper,Ephgrave,kephgraveq5@chron.com,Male,5/27/2016,
Odetta,Jouanot,ojouanotq6@home.pl,Female,8/20/2011,
Jasun,Berriball,jberriballq7@gizmodo.com,Male,10/15/2012,
Pete,Baughen,pbaughenq8@e-recht24.de,Male,7/5/2015,
Richmond,MacKibbon,rmackibbonq9@google.de,Male,5/3/2016,
Reuben,Doolan,rdoolanqa@timesonline.co.uk,Male,2/11/2010,4/30/2015
Gianna,Nobles,gnoblesqb@sohu.com,Female,6/9/2012,10/25/2012
Temp,Hastwell,thastwellqc@virginia.edu,Male,7/3/2016,
Wilmette,Winchester,wwinchesterqd@redcross.org,Female,8/3/2014,
Daphne,Witchalls,dwitchallsqe@dropbox.com,Female,6/25/2017,
Florida,Aleavy,faleavyqf@blog.com,Female,3/16/2011,8/27/2015
Olympie,Saile,osaileqg@goo.gl,Female,12/28/2011,5/25/2012
Hattie,Antognozzii,hantognozziiqh@army.mil,Female,1/20/2017,
Barnie,Cowderay,bcowderayqi@msn.com,Male,12/3/2010,12/14/2013
Dawna,Johnston,djohnstonqj@nydailynews.com,Female,6/14/2014,
Nahum,Luttgert,nluttgertqk@bluehost.com,Male,7/12/2015,4/13/2017
Ardyth,Yegorkov,ayegorkovql@apple.com,Female,11/5/2011,1/5/2014
Sherm,Longford,slongfordqm@bluehost.com,Male,8/1/2015,
Tiffany,Falla,tfallaqn@msu.edu,Female,12/20/2014,
Alikee,Youings,ayouingsqo@princeton.edu,Female,11/28/2015,
Ryley,Vanni,rvanniqp@lycos.com,Male,8/21/2010,6/17/2015
Padget,Physick,pphysickqq@privacy.gov.au,Male,3/7/2010,
Dylan,Boome,dboomeqr@vimeo.com,Male,8/9/2013,
Hadria,Cosham,hcoshamqs@nasa.gov,Female,5/11/2014,
Bronny,Batch,bbatchqt@xing.com,Male,1/12/2014,7/16/2015
Laryssa,Corteney,lcorteneyqu@weibo.com,Female,1/30/2013,1/6/2018
Diena,McIndoe,dmcindoeqv@edublogs.org,Female,5/19/2014,
Giulietta,Lared,glaredqw@yandex.ru,Female,2/13/2011,11/17/2013
Travus,Silbert,tsilbertqx@cocolog-nifty.com,Male,7/12/2012,10/11/2016
Amelia,Plummer,aplummerqy@squidoo.com,Female,1/7/2011,
Filip,Evason,fevasonqz@miitbeian.gov.cn,Male,10/7/2012,
Ximenes,Knox,xknoxr0@engadget.com,Male,3/7/2015,
Emile,Lewerenz,elewerenzr1@stumbleupon.com,Male,9/27/2012,9/7/2017
Anderson,Petrashov,apetrashovr2@earthlink.net,Male,12/25/2015,
Marcile,Vayne,mvayner3@tamu.edu,Female,8/27/2014,
Molli,Pennetti,mpennettir4@irs.gov,Female,10/7/2017,
Lishe,Howat,lhowatr5@google.de,Female,9/17/2015,6/18/2017
Lacy,Libreros,llibrerosr6@sfgate.com,Female,9/1/2013,3/24/2017
Clemmy,Nolleth,cnollethr7@feedburner.com,Male,8/26/2011,11/26/2015
Alonso,Barmby,abarmbyr8@epa.gov,Male,4/2/2012,9/11/2013
Maryanne,Knudsen,mknudsenr9@moonfruit.com,Female,11/22/2017,
Joscelin,Yarham,jyarhamra@digg.com,Female,12/10/2013,8/20/2017
Reynolds,Bissill,rbissillrb@exblog.jp,Male,11/8/2010,
Noella,Hubbock,nhubbockrc@mtv.com,Female,6/15/2014,
Orelle,Fenix,ofenixrd@sourceforge.net,Female,3/3/2016,1/8/2018
Krispin,Cambling,kcamblingre@jalbum.net,Male,9/16/2011,
Almire,Bleythin,ableythinrf@ox.ac.uk,Female,2/24/2015,6/18/2016
Leonore,Beldom,lbeldomrg@tinyurl.com,Female,12/14/2012,3/16/2013
Charles,Wragge,cwraggerh@google.co.jp,Male,8/10/2017,
Sybilla,McFater,smcfaterri@github.io,Female,8/27/2013,2/25/2015
Sidney,Itzhayek,sitzhayekrj@soup.io,Male,1/28/2018,
Benetta,Awmack,bawmackrk@51.la,Female,7/22/2014,
Bertine,Walworche,bwalworcherl@behance.net,Female,9/20/2014,
Malachi,Mannock,mmannockrm@mysql.com,Male,6/26/2012,6/6/2014
Aleen,Pirri,apirrirn@cocolog-nifty.com,Female,8/12/2011,
Joyce,Brickstock,jbrickstockro@home.pl,Female,11/16/2017,
Ferdinand,Wardrop,fwardroprp@ovh.net,Male,2/11/2017,
Marlo,Wickrath,mwickrathrq@mediafire.com,Female,10/24/2013,2/19/2015
Tyrone,Sirette,tsiretterr@amazon.co.jp,Male,8/2/2010,8/26/2013
